{"cameraMode":{"drawMode":0,"name":"Shaded","section":"Shading Mode"},"sceneLighting":true,"audioPlay":false,"sceneViewState":{"showFog":true,"showMaterialUpdate":false,"showSkybox":true,"showFlares":true,"showImageEffects":true,"showParticleSystems":true},"in2DMode":false,"pivot":{"x":0.6049537658691406,"y":-3.534369468688965,"z":-3.923433780670166},"rotation":{"x":-0.30610382556915285,"y":0.49426349997520449,"z":-0.19131402671337129,"w":-0.7908247709274292},"size":10.0,"orthographic":false}