{"cameraMode":{"drawMode":0,"name":"Shaded","section":"Shading Mode"},"sceneLighting":true,"audioPlay":false,"sceneViewState":{"showFog":true,"showMaterialUpdate":false,"showSkybox":true,"showFlares":true,"showImageEffects":true,"showParticleSystems":true},"in2DMode":false,"pivot":{"x":0.16043132543563844,"y":19.478618621826173,"z":-13.887901306152344},"rotation":{"x":0.12811870872974397,"y":0.7136234641075134,"z":-0.13539695739746095,"w":0.6752793192863464},"size":0.3808895945549011,"orthographic":true}