{"cameraMode":{"drawMode":0,"name":"Shaded","section":"Shading Mode"},"sceneLighting":true,"audioPlay":false,"sceneViewState":{"showFog":true,"showMaterialUpdate":false,"showSkybox":true,"showFlares":true,"showImageEffects":true,"showParticleSystems":true},"in2DMode":false,"pivot":{"x":-6.558530807495117,"y":-0.09052276611328125,"z":-9.051532745361329},"rotation":{"x":0.2701140344142914,"y":0.5509693622589111,"z":-0.1944703310728073,"w":0.7652799487113953},"size":30.179746627807618,"orthographic":false}