{"cameraMode":{"drawMode":0,"name":"Shaded","section":"Shading Mode"},"sceneLighting":true,"audioPlay":false,"sceneViewState":{"showFog":true,"showMaterialUpdate":false,"showSkybox":true,"showFlares":true,"showImageEffects":true,"showParticleSystems":true},"in2DMode":false,"pivot":{"x":-0.0069519951939582829,"y":15.451849937438965,"z":-9.88716983795166},"rotation":{"x":-0.31616470217704775,"y":0.6016336679458618,"z":-0.28067389130592348,"w":-0.677729070186615},"size":11.488076210021973,"orthographic":true}