{"cameraMode":{"drawMode":0,"name":"Shaded","section":"Shading Mode"},"sceneLighting":false,"audioPlay":false,"sceneViewState":{"showFog":true,"showMaterialUpdate":false,"showSkybox":false,"showFlares":true,"showImageEffects":true,"showParticleSystems":true},"in2DMode":false,"pivot":{"x":-0.8095988035202026,"y":1.2712126970291138,"z":2.489210605621338},"rotation":{"x":-0.1603740155696869,"y":0.7641960382461548,"z":-0.20805402100086213,"w":-0.5890649557113648},"size":0.7367874979972839,"orthographic":false}