{"cameraMode":{"drawMode":0,"name":"Shaded","section":"Shading Mode"},"sceneLighting":true,"audioPlay":false,"sceneViewState":{"showFog":true,"showMaterialUpdate":false,"showSkybox":true,"showFlares":true,"showImageEffects":true,"showParticleSystems":true},"in2DMode":false,"pivot":{"x":0.20040559768676759,"y":19.264503479003908,"z":-13.808879852294922},"rotation":{"x":-0.2736206650733948,"y":0.30210867524147036,"z":-0.09098266810178757,"w":-0.9086296558380127},"size":0.21916042268276215,"orthographic":true}