{"cameraMode":{"drawMode":0,"name":"Shaded","section":"Shading Mode"},"sceneLighting":true,"audioPlay":false,"sceneViewState":{"showFog":true,"showMaterialUpdate":false,"showSkybox":true,"showFlares":true,"showImageEffects":true,"showParticleSystems":true},"in2DMode":false,"pivot":{"x":-1.6201171875,"y":2.026099443435669,"z":-1.328834056854248},"rotation":{"x":-0.09325084835290909,"y":0.8152565360069275,"z":-0.13700847327709199,"w":-0.5548808574676514},"size":5.328473091125488,"orthographic":true}