{"cameraMode":{"drawMode":0,"name":"Shaded","section":"Shading Mode"},"sceneLighting":true,"audioPlay":false,"sceneViewState":{"showFog":true,"showMaterialUpdate":false,"showSkybox":true,"showFlares":true,"showImageEffects":true,"showParticleSystems":true},"in2DMode":false,"pivot":{"x":0.07455486059188843,"y":19.007793426513673,"z":-14.277305603027344},"rotation":{"x":0.3031412661075592,"y":-0.23269973695278169,"z":0.07659747451543808,"w":0.9209210276603699},"size":0.4107361137866974,"orthographic":true}